 {
    "Carpooling":1.942831579,
  
      "Tune-ups":1.804057895,
   
      "Alter-driving": 1.480252632,
   
      "Combine trips":1.248963158,
   
      "Cut highway speed":1.110189474,
    
      "Maintain correct tire pressure": 0.5550947368,
   
      "Lighting": 1.850315789,
 
      "Set thermostat":1.572768421,
  
      "Clothes washing":0.5550947368,
  
      "Buy low rolling tires":0.6938684211,
   
      "Buy a more fuel efficient vehicle": 6.244815789,
   
      "Weather-strip":1.156447368,
   
      "Upgrade Insulation":3.238052632,

      "Upgrade heater":1.341478947,
 
      "Upgrade AC":1.017673684,
 
      "Upgrade refrigerator":0.8789,
    
      "Upgrade water heater":0.6938684211
    }